aa,freq_sig,freq_proteome_sample,delta_sig_minus_sample
A,0.07610238564036814,0.059480745455377994,0.016621640184990148
C,0.03292275287330006,0.015889005906863866,0.01703374696643619
D,0.032098539310407986,0.06383076148175283,-0.031732222171344845
E,0.04972755162782179,0.06575392646183434,-0.01602637483401255
F,0.04038646458171162,0.04102751957507212,-0.0006410549933605
G,0.07733870598470625,0.06612024360089748,0.011218462383808775
H,0.024817986171528,0.01703374696643619,0.00778423920509181
I,0.03406749393287238,0.04821649342918632,-0.014148999496313937
K,0.04056962315124319,0.06305233756124365,-0.022482714410000458
L,0.10733092174550117,0.10925408672558268,-0.001923164980081507
M,0.02069691835706763,0.012500572370529785,0.008196345986537845
N,0.02207060762855442,0.041439626356518156,-0.019369018727963736
P,0.08026924309721141,0.062457072210266036,0.017812170886945373
Q,0.04368331883327991,0.03608223819771968,0.0076010806355602326
R,0.08068134987865745,0.06378497183936993,0.01689637803928752
S,0.10325564357342369,0.0809560877329548,0.022299555840468888
T,0.05137597875360594,0.04230962956179312,0.009066349191812817
V,0.04849123128348368,0.06992078391867759,-0.021429552635193916
W,0.01991849443655845,0.015202161271120472,0.004716333165437979
Y,0.014194789138696826,0.02568798937680297,-0.011493200238106143
