aa,n_filtered_all,pct_filtered_all,n_significant_canonical,pct_significant_canonical,delta_pct_sig_minus_all,n_significant_smprot_export,pct_significant_smprot_export,delta_pct_smprot_minus_all
A,84,3.2233307751343054,7,2.2222222222222223,-1.001108552912083,15,2.9940119760479043,-0.2293187990864011
C,22,0.844205679201842,3,0.9523809523809524,0.10817527317911052,5,0.998003992015968,0.15379831281412612
D,15,0.5755947812739831,3,0.9523809523809524,0.3767861711069693,4,0.7984031936127743,0.22280841233879128
E,33,1.266308518802763,0,0.0,-1.266308518802763,5,0.998003992015968,-0.26830452678679484
F,30,1.1511895625479662,8,2.5396825396825395,1.3884929771345735,9,1.7964071856287425,0.6452176230807762
G,73,2.8012279355333844,6,1.9047619047619049,-0.8964660307714793,12,2.3952095808383236,-0.4060183546950608
H,14,0.5372217958557176,2,0.6349206349206349,0.09769883906491734,5,0.998003992015968,0.4607821961602505
I,247,9.478127398311589,32,10.158730158730158,0.6806027604185707,47,9.3812375249501,-0.09688987336148869
K,140,5.372217958557176,20,6.349206349206349,0.9769883906491729,28,5.588822355289421,0.21660439673224507
L,601,23.06216423637759,68,21.58730158730159,-1.474862649076003,116,23.15369261477046,0.09152837839286887
M,619,23.75287797390637,87,27.61904761904762,3.8661696451412513,123,24.550898203592812,0.7980202296864441
N,9,0.34535686876438987,2,0.6349206349206349,0.2895637661562451,3,0.5988023952095809,0.253445526445191
P,51,1.9570222563315427,8,2.5396825396825395,0.582660283350997,14,2.7944111776447107,0.8373889213131678
Q,25,0.9593246354566385,4,1.2698412698412698,0.3105166343846314,6,1.1976047904191618,0.23828015496252328
R,161,6.178050652340752,18,5.714285714285714,-0.46376493805503766,24,4.790419161676647,-1.3876314906641047
S,58,2.225633154259401,7,2.2222222222222223,-0.0034109320371789043,10,1.996007984031936,-0.2296251702274651
T,150,5.755947812739831,14,4.444444444444445,-1.3115033682953865,17,3.3932135728542914,-2.3627342398855395
V,255,9.785111281657713,24,7.6190476190476195,-2.1660636626100933,55,10.978043912175648,1.1929326305179357
W,14,0.5372217958557176,1,0.31746031746031744,-0.2197614783954001,2,0.39920159680638717,-0.13802019904933038
Y,5,0.19186492709132769,1,0.31746031746031744,0.12559539036898976,1,0.19960079840319359,0.007735871311865899
